{
  "threshold": 0.3617021276595745,
  "precision": 0.5448504983388704,
  "recall": 0.7008547008547008,
  "f1": 0.6130841121495327,
  "auc_roc": 0.93378143900242,
  "average_precision": 0.6212643222910338,
  "brier_score": 0.05503084785045366,
  "n_test": 2293,
  "n_positive": 234,
  "n_predicted_positive": 301
}